{
  "Author": "Shiyuvi",
  "Name": "PvP目标选择器",
  "InternalName": "TargetSelector",
  "AssemblyVersion": "0.0.0.5",
  "Description": "需要授权使用，该K不到还是K不到",
  "ApplicableVersion": "any",
  "RepoUrl": "https://github.com/flyrio/TargetSelector",
  "Tags": [
    "PvP",
    "Auto"
  ],
  "DalamudApiLevel": 10,
  "LoadRequiredState": 2,
  "LoadSync": true,
  "CanUnloadAsync": false,
  "LoadPriority": 0,
  "IconUrl": "https://github.com/ktisis-tools/Ktisis/raw/main/icon.png",
  "Punchline": "PvP目标选择辅助工具",
  "AcceptsFeedback": true
}